,gene_id,baseMean,log2FoldChange,lfcSE,stat,pvalue,padj
1,ENSG00000050438,58.8723806496954,-1.84009856584424,0.499207889152158,-3.87222619560873,0.000107845795732447,0.0196170083798373
2,ENSG00000050730,21.8706033802363,-1.98137343661728,0.523712203450686,-4.22366939493194,2.40356560294094e-05,0.00940648751853177
3,ENSG00000072041,9.52623743489721,-1.43849874148902,0.524251133519804,-3.64830572282526,0.000263975405808278,0.0299614262785921
4,ENSG00000078814,17.5093455492384,-1.62084417584407,0.527029616064025,-3.40339943605866,0.000665529075889942,0.0480353793258105
5,ENSG00000081138,10.8094483226542,-1.11273823497073,0.506010011551838,-3.39677545343875,0.000681848934902369,0.0486155530063385
6,ENSG00000083067,17.8780737487327,-2.03171616251759,0.525576259108606,-4.41100120798434,1.02893744080872e-05,0.00693360243322064
7,ENSG00000091536,41.3928418132951,-1.71259801115579,0.528566060109594,-3.77951208452946,0.000157135967418763,0.0236599028508724
8,ENSG00000092445,101.622866728061,-1.52818691307426,0.439052504784813,-3.52270260804949,0.000427170395635386,0.038534905879
9,ENSG00000094661,13.7078286684333,-1.42604104833029,0.526735722647687,-3.4668877412962,0.000526521734362769,0.0423405217527978
10,ENSG00000104970,21.7641631303673,-1.68172343739029,0.519963790295743,-3.52198634698041,0.00042832620206082,0.038534905879
11,ENSG00000106477,83.4985656256462,-1.23320411987999,0.363634563366608,-3.39974376181459,0.000674490289711448,0.0482863759841802
12,ENSG00000109684,36.0775785247907,-1.7734982652475,0.526146945163792,-3.8152090988837,0.000136067665543609,0.0221878486841527
13,ENSG00000110436,27.6909251772131,-1.699538110566,0.529773963038777,-3.94411042855483,8.00967453105094e-05,0.0169949853212456
14,ENSG00000111732,37.0655284834265,-1.7594160155782,0.529135569655642,-3.97131656078076,7.14765267179075e-05,0.0165628041056456
15,ENSG00000118197,29.9901967195545,-1.64738695591903,0.478040104363134,-3.52428912603648,0.000424620645851284,0.038534905879
16,ENSG00000119703,41.43257721598,-1.75212914376666,0.504249789333108,-3.65678894770936,0.000255394490530437,0.0298158910399411
17,ENSG00000121207,15.5201582179379,-1.66097783261412,0.529449930521663,-3.65697313512338,0.000255211116442621,0.0298158910399411
18,ENSG00000124493,23.9575926185256,-1.77169300735053,0.529413396458842,-4.42846553099695,9.49058821596292e-06,0.00693360243322064
19,ENSG00000126091,42.0181444284363,-1.76946888822171,0.514797023982655,-3.68219333292268,0.000231235942247444,0.0294708286468496
20,ENSG00000131914,9.21735552487032,-1.74320414962728,0.527213582767222,-3.65868479482662,0.000253512910177986,0.0298158910399411
21,ENSG00000132854,91.3844658139129,-1.85012290035998,0.504928025605463,-3.88161535600407,0.00010376491028746,0.0193581119698221
22,ENSG00000132938,8.16496200678731,-2.36678958897437,0.528607436959953,-4.32109061022093,1.55259896398564e-05,0.00781223438707174
23,ENSG00000133640,13.5506003165325,-1.6000158441483,0.527967483874763,-3.93659578239338,8.26456423834669e-05,0.0171232048001792
24,ENSG00000134548,25.4264999770375,-1.04380504566819,0.496983579212218,-3.98519343104952,6.74251776717937e-05,0.0162660932051775
25,ENSG00000134757,25.9006838724502,-1.51289155843986,0.529772048568446,-3.37579429982191,0.000736029260941785,0.0498546589017145
26,ENSG00000136928,26.145810691651,-1.38118939387327,0.524732846659811,-3.53039909215223,0.000414933258950558,0.038534905879
27,ENSG00000137720,57.5332640281273,-1.47775053361292,0.411725209715405,-3.61096958982532,0.000305054432974146,0.0329468143602529
28,ENSG00000138347,22.0361804251599,-1.48076518571054,0.524317023960986,-4.07806879617568,4.54113306870531e-05,0.0138642380604462
29,ENSG00000138741,19.8367397762655,-1.47165777712005,0.527634875270926,-3.56429699129486,0.000364832687785777,0.0362998218338718
30,ENSG00000140323,36.3549175884968,-1.67388427539323,0.506877665319432,-3.46922549384408,0.000521961162134566,0.0423405217527978
31,ENSG00000140795,21.3816172761517,-1.68421993790934,0.52975241383112,-3.92386996639739,8.71377808839318e-05,0.0172582591581303
32,ENSG00000145936,117.503899066767,-1.60375678518237,0.474944041400954,-3.45915571063661,0.000541871544391376,0.0428917404240855
33,ENSG00000149926,21.5819156586642,-1.3381252906147,0.521799661930815,-3.5510204400854,0.000383740613449402,0.0373373256544609
34,ENSG00000150656,11.9606468719509,-1.60063573666262,0.524790899718045,-4.55682206687269,5.1933382264336e-06,0.0053799929121013
35,ENSG00000152348,94.2283244114573,-1.61068808355546,0.443777738180461,-3.68171214037047,0.000231672903085856,0.0294708286468496
36,ENSG00000152463,20.5600353311131,-1.56389601177166,0.528305515146393,-3.86036373479608,0.0001132183647069,0.0199388862085322
37,ENSG00000154997,5.5251895400096,-1.40763889431034,0.521986075969964,-3.67003883712124,0.000242513619913343,0.0297874910465174
38,ENSG00000158023,80.3663933967077,-2.46365397863911,0.498541400283907,-5.30018403601502,1.15686009214983e-07,0.000509336577071265
39,ENSG00000161082,57.0134094597919,-1.73789145111872,0.491623047534036,-3.66893435037815,0.00024356360857978,0.0297874910465174
40,ENSG00000161149,12.2755650149622,-1.64485661766744,0.523528995929839,-3.38723324896444,0.000706013361100723,0.0489511862297041
41,ENSG00000161929,99.9572671608349,-1.64223218240394,0.507416130899057,-3.41022748755009,0.00064908714399704,0.047320278158332
42,ENSG00000162490,27.0324948734964,-1.81208219465719,0.515847015970246,-3.79908672971187,0.000145230267060994,0.0228361627965283
43,ENSG00000163288,20.0451515139346,-1.57422444680527,0.526701095044069,-4.16608416658302,3.09876335572774e-05,0.0111480476410517
44,ENSG00000163793,6.93457320483043,-1.06007396104669,0.499988609549461,-3.38500231189152,0.000711776550257461,0.0489662685699166
45,ENSG00000164591,46.6465889177856,-1.78091695479677,0.528383787748318,-3.9657277683164,7.31723397366046e-05,0.0166522266670827
46,ENSG00000165186,22.9182237033982,-1.68495674093954,0.529036887162595,-3.67885804099302,0.000234280620666569,0.0294708286468496
47,ENSG00000165409,21.4429023425995,-1.38020083501418,0.520766912053684,-3.9403630864876,8.13583745273072e-05,0.017057170640481
48,ENSG00000166192,16.3405499278298,-1.72369711734728,0.501188034542641,-3.5530818088159,0.000380746037659064,0.0372517692734099
49,ENSG00000167281,19.6916838201671,-1.84342742280946,0.521252002665232,-3.8800743401467,0.000104424543588274,0.0193581119698221
50,ENSG00000168280,29.5154666948223,-1.68435825497486,0.49907271399567,-3.51803923794069,0.000434748074377009,0.0387967790430685
51,ENSG00000168658,17.8891119355744,-1.77342311150495,0.524429159527121,-3.74938552160316,0.000177268394871192,0.0249378511821027
52,ENSG00000168676,11.9032301024159,-1.71536044934456,0.529767902503865,-3.87176762560149,0.000108048936053843,0.0196170083798373
53,ENSG00000172742,19.1416852148202,-1.95408388190645,0.527968341623961,-4.3343313262509,1.46203837359415e-05,0.00781223438707174
54,ENSG00000173826,19.3463563901879,-2.03151352445407,0.520997402252899,-4.28986051580463,1.78785370613591e-05,0.00828576095230514
55,ENSG00000173928,56.8694309337715,-1.79170237267808,0.491426847450493,-3.77736288652453,0.000158497711535801,0.0236599028508724
56,ENSG00000174915,64.768276269564,-1.35344119767642,0.393328179507867,-3.45853663763074,0.000543118398419799,0.0428917404240855
57,ENSG00000175985,13.1127111889173,-1.66137769634165,0.528793584594706,-3.5557017049174,0.000376971599521347,0.0372517692734099
58,ENSG00000176049,51.6413942081071,-1.80809668722376,0.523537873475631,-3.86120261360186,0.000112830286369322,0.0199388862085322
59,ENSG00000177291,6.51956118972609,-1.45085237078226,0.520731275785639,-4.0728182100765,4.64476773361153e-05,0.0138642380604462
60,ENSG00000177640,18.2858241597665,-1.48959266131621,0.442700042312882,-3.39268108016814,0.000692121686695131,0.0487470107248994
61,ENSG00000177993,33.5085810397165,-1.04095158101792,0.495332352211141,-4.65125522892131,3.29920702516505e-06,0.00446941037847551
62,ENSG00000179743,47.2059638614796,-2.02571939169115,0.522863961649838,-4.40367985898828,1.06429968041087e-05,0.00693360243322064
63,ENSG00000180347,9.6865557969753,-1.17951007005869,0.509892726276381,-3.49903247292127,0.000466949708554666,0.0400762731327562
64,ENSG00000180998,18.6888075829257,-1.68051553904872,0.525533637687629,-3.52302761914331,0.000426646897227594,0.038534905879
65,ENSG00000181518,20.4596581655822,-1.83986585327037,0.523383685459288,-3.89379472126452,9.86881715525052e-05,0.0190497393558806
66,ENSG00000182648,45.1068875121056,-2.0639415321933,0.492684972443055,-4.36432114999278,1.27518127200845e-05,0.00774386806253134
67,ENSG00000183292,32.3562171480584,-1.71352930936474,0.52963062357846,-4.16586227997996,3.10177919715821e-05,0.0111480476410517
68,ENSG00000184414,18.2031305254101,-1.67704192044569,0.517095255520354,-3.45110192369178,0.000558302684549073,0.0431622423341157
69,ENSG00000184949,42.8896866839701,-1.46555202424961,0.42390451782989,-3.4825479383047,0.000496666286974214,0.0412584433014287
70,ENSG00000185873,20.5871152365591,-1.61674573005774,0.529551486253703,-3.78939802852095,0.000151012784248133,0.0233288258192445
71,ENSG00000186197,15.7760790889594,-1.71872390952124,0.527069170646233,-3.65218822083731,0.00026001518828756,0.0299289377838707
72,ENSG00000186399,11.4738839092077,-1.45314494802819,0.523363641924091,-3.81831528623163,0.000134366134253569,0.0221151587882206
73,ENSG00000186487,59.5045361864114,-1.79895741489035,0.508578935768927,-3.75689484241649,0.000172034744072931,0.0248336383431835
74,ENSG00000186628,27.2660889054835,-1.85444190142711,0.529761953915465,-4.46455373115309,8.02358120414192e-06,0.00669489016296188
75,ENSG00000187021,13.3258524281826,-1.36214904453769,0.518376407883637,-3.94480078281225,7.98663482696565e-05,0.0169949853212456
76,ENSG00000187741,94.6856348005482,-1.56496677941233,0.438056529880124,-3.61586361815239,0.00029934795546434,0.0327442039980279
77,ENSG00000187905,43.3185204979381,-1.53866944889784,0.529722684979123,-3.42327514607612,0.000618714159221368,0.0467412397947268
78,ENSG00000187997,39.8442882626267,-1.24552422886558,0.515321070374436,-3.73778978853038,0.000185645059043179,0.0249572147695376
79,ENSG00000189229,21.8534774150426,-1.98363358439744,0.527588647790695,-4.39605027316116,1.10238412429832e-05,0.00693360243322064
80,ENSG00000189332,22.7944988421635,-1.42903320903567,0.526003621802934,-3.60180270203044,0.0003160181710076,0.0337296727855445
81,ENSG00000189367,31.836294211835,-1.71787114609922,0.495336896976975,-3.58889181212874,0.000332086608499071,0.0346057826170245
82,ENSG00000196832,37.1913760334425,-1.69685567447568,0.510787403695154,-3.52206754258984,0.000428195032846209,0.038534905879
83,ENSG00000197168,47.6752518411512,-1.72968661023064,0.484745233579745,-3.67180716963529,0.000240841378778718,0.0297874910465174
84,ENSG00000197428,9.54117037197344,-1.3268006337505,0.51809935653502,-3.83680428918632,0.000124645727176715,0.0213119990418362
85,ENSG00000199732,6.04396714743641,-1.0990078255187,0.499369384840328,-3.44634420101213,0.00056822610778019,0.0433334982673315
86,ENSG00000203531,19.2417748077857,-1.63243113211039,0.528892801085617,-4.00315394186515,6.25036022502694e-05,0.0157250134175642
87,ENSG00000203593,10.2596186062525,-1.80797190984737,0.529510016965249,-4.2761436853943,1.90158517778995e-05,0.0085868760425792
88,ENSG00000205181,20.9294153593531,-1.47335319704326,0.527532665808926,-3.58224523978242,0.000340653767805162,0.0350806866425093
89,ENSG00000206579,22.5702058997411,-1.65585921180531,0.528740929877825,-3.622663003066,0.000291585599193355,0.0322963143861269
90,ENSG00000213590,40.1562147368103,-1.69167531837063,0.493066055511277,-3.54693114004341,0.000389746446924616,0.0377133223999418
91,ENSG00000213605,18.1754760357565,-1.30599564589079,0.521764632208136,-3.41983714758758,0.000626586342437127,0.0467576782909333
92,ENSG00000213970,17.1696748676323,-1.78764167767161,0.529615567049498,-4.29382001804434,1.75624864173782e-05,0.00828576095230514
93,ENSG00000214595,45.0940747320237,-1.70252460580517,0.50794447450571,-3.531785881648,0.000412763428285026,0.038534905879
94,ENSG00000215014,14.9411559020602,-1.63102741114651,0.528454107769956,-3.46357586688698,0.000533046255391659,0.0426703527441023
95,ENSG00000215375,36.8922214617259,-1.71626025506787,0.502744318580495,-3.57951715839577,0.000344229647037156,0.0350806866425093
96,ENSG00000215458,14.3037603782312,-1.2632874854944,0.51446925630647,-3.78072946206518,0.000156369522772241,0.0236599028508724
97,ENSG00000215878,12.2730316376445,-1.25837975985247,0.517922026534424,-3.39095892133859,0.000696485395778653,0.0487470107248994
98,ENSG00000221883,19.135049872558,-1.55858723386968,0.468606567141001,-3.39054712749675,0.000697532604773984,0.0487470107248994
99,ENSG00000221933,6.57381069194433,-1.09121664818846,0.505333302597293,-3.43951532689489,0.000582756785978873,0.0442367661977325
100,ENSG00000222035,15.501763139918,-1.35885311464539,0.523347134590723,-3.47201204997728,0.000516573149290268,0.0423133475913996
101,ENSG00000222721,10.448161634974,-1.32050275344105,0.518665853052159,-3.65637308871493,0.000255808967699007,0.0298158910399411
102,ENSG00000224074,11.3611874599326,-1.58220039211752,0.526492100611171,-4.01939735018431,5.83471958816456e-05,0.015336603980174
103,ENSG00000224297,11.2512324928492,-1.34333521646464,0.513822577420727,-4.6061345773245,4.10222959272068e-06,0.00516031181124313
104,ENSG00000224805,27.2958832417179,-1.63808254682065,0.529543815012095,-3.65789839077085,0.000254291812993505,0.0298158910399411
105,ENSG00000225465,38.8438702241941,-2.10797895632969,0.529470785314024,-5.38025910460685,7.43787075284816e-08,0.000436627806094696
106,ENSG00000226132,10.326491452138,-1.14100565798294,0.503765758884503,-4.04154207100621,5.31008517505325e-05,0.0146118609402911
107,ENSG00000226445,27.9909016192252,-1.94312966239164,0.518782045555856,-4.09741313193255,4.17792872968108e-05,0.0136893183805702
108,ENSG00000227304,46.6143850329378,-2.11875936619974,0.520212922803634,-4.57250340533935,4.81931389169846e-06,0.0053799929121013
109,ENSG00000227706,11.2130351574675,-1.37841546489692,0.520132239981511,-3.7592982096018,0.000170390644136579,0.0247995837511512
110,ENSG00000227775,22.063679957443,-1.95575103816617,0.514469166679519,-4.07987094046153,4.50607114100143e-05,0.0138642380604462
111,ENSG00000228262,38.8529384086589,-2.04310787141791,0.52975642428262,-5.59826605191478,2.16506316024379e-08,0.000190644636575267
112,ENSG00000228697,44.6024391727824,-1.21631093043862,0.511901433595889,-3.96384048369687,7.37535449453441e-05,0.0166522266670827
113,ENSG00000229052,21.1950946531178,-1.27958372887583,0.517939617000638,-3.63849072722818,0.000274240500344226,0.0307620984175934
114,ENSG00000229140,75.0224550405588,-1.96008025854935,0.521106403514732,-4.22492896916518,2.39016154905709e-05,0.00940648751853177
115,ENSG00000230947,23.6224229644562,-1.72000594922084,0.52905178883274,-4.35115399712032,1.35422893461572e-05,0.00781223438707174
116,ENSG00000231881,37.0859835878115,-1.84647064755424,0.529647305301945,-4.74228178796575,2.11324400828174e-06,0.00446941037847551
117,ENSG00000231896,10.4514506091711,-1.22260096807038,0.509006196447527,-4.17648798212716,2.96044375790736e-05,0.0110928457490439
118,ENSG00000232044,10.4635316329582,-1.6828152932754,0.527609969105828,-3.53766246290068,0.000403685752837698,0.038534905879
119,ENSG00000232046,38.7716458581902,-1.58539112798068,0.528552716922825,-3.95178219902452,7.75713261140255e-05,0.0168655385702976
120,ENSG00000232940,64.2698975887147,-2.0821908794359,0.506644491115313,-4.40911444086599,1.03794169079402e-05,0.00693360243322064
121,ENSG00000233330,32.3371554320679,-1.18026508292709,0.511404225761636,-3.64811268270489,0.000264173778351999,0.0299614262785921
122,ENSG00000234380,18.0098886459588,-1.58775531724227,0.52970736559424,-3.58928877795052,0.000331581370493146,0.0346057826170245
123,ENSG00000234707,22.9931554565544,-1.69617953675593,0.529033677617799,-3.74131039954852,0.000183063256698341,0.0249572147695376
124,ENSG00000234840,75.166927601606,-1.3556827526965,0.522039944834781,-3.75268352492943,0.000174951663999034,0.0249378511821027
125,ENSG00000234889,24.478203770903,-1.40713391429621,0.52111594108091,-4.09800930197727,4.16718538573801e-05,0.0136893183805702
126,ENSG00000235158,7.30850875080588,-1.08860029734534,0.502092898398791,-3.48532776178916,0.000491534553702554,0.0411998662831869
127,ENSG00000235314,25.3570693666562,-1.59040609958476,0.529468107628923,-3.48883914268809,0.00048512298776759,0.0408779949166269
128,ENSG00000235931,10.7771089070827,-1.69538062859452,0.529047862223779,-3.67899044324514,0.000234159041357517,0.0294708286468496
129,ENSG00000236048,27.2928410437581,-1.09115991468683,0.503206063866321,-3.7329832323603,0.000189225196010803,0.025245794901108
130,ENSG00000236197,38.6345402166223,-1.14831141964623,0.504873497353614,-4.32393174416662,1.53272735814283e-05,0.00781223438707174
131,ENSG00000236539,20.3851809042454,-1.73083488262286,0.529741428286784,-4.00384702057234,6.23206729496297e-05,0.0157250134175642
132,ENSG00000236653,6.81720897619114,-1.12446486372523,0.505720784058814,-3.48419391850963,0.000493621701536111,0.0411998662831869
133,ENSG00000236790,30.0713772899847,-1.67623682722971,0.526522325657935,-3.56770605348467,0.000360120164911072,0.0362404355671365
134,ENSG00000237489,28.0020751678155,-1.947419310639,0.508815413478838,-4.06741642125637,4.7537249960181e-05,0.0139529751508124
135,ENSG00000237642,16.0050883521081,-1.30673900515602,0.522040057906545,-3.37798877698808,0.000730180606599488,0.0498419017938899
136,ENSG00000237775,24.5816949510885,-1.78937547669236,0.520731840589218,-3.73961137348728,0.000184304975870828,0.0249572147695376
137,ENSG00000237807,69.5350698804649,-1.86713949550692,0.520617380835477,-3.97496018253907,7.03910318085218e-05,0.0165628041056456
138,ENSG00000239254,16.4091504448082,-1.847594833125,0.529119456040178,-4.75134092385128,2.02072098187774e-06,0.00446941037847551
139,ENSG00000239572,55.4231636620618,-2.12057612446164,0.521820437311035,-4.65586152185451,3.22628737972864e-06,0.00446941037847551
140,ENSG00000239649,7.62699531690114,-1.08964243015898,0.501031977313779,-3.50391744707725,0.000458467459192684,0.0397680611876187
141,ENSG00000239922,5.58799189416114,-1.22260440456917,0.512599093651976,-3.45367238395532,0.000553008741340917,0.0430930838219243
142,ENSG00000240045,22.3739870555831,-1.70857106154044,0.527557529752287,-4.66181147571151,3.13438247028838e-06,0.00446941037847551
143,ENSG00000240291,14.2932054446097,-1.67755876679902,0.529282305299248,-3.64692116020793,0.000265401311649559,0.0299614262785921
144,ENSG00000241180,7.47195407513519,-1.24739683202339,0.515052079141168,-3.51715976993868,0.00043619114476904,0.0387967790430685
145,ENSG00000241322,37.4118228431052,-1.69365842664085,0.511721217352438,-3.5142007022327,0.000441079415289886,0.0388392479133509
146,ENSG00000241959,10.0075704755919,-1.05766572260209,0.500456372169452,-3.49118090263015,0.000480890524059252,0.0407161683615744
147,ENSG00000243029,15.1390198272914,-1.17311993552804,0.507608024584622,-3.82817704851904,0.000129095881293366,0.0216524530043568
148,ENSG00000243150,7.57563755655306,-1.58074113328898,0.529358121595585,-3.3841129946143,0.000714086088944236,0.0489662685699166
149,ENSG00000244036,12.5398247832711,-1.44256387585983,0.523023517861715,-3.84886112861406,0.000118668254885247,0.0206917488790503
150,ENSG00000244681,19.5271356518924,-1.93757999185104,0.529303920802664,-4.49997476280795,6.79615306476109e-06,0.00598435258117538
151,ENSG00000246174,30.0311432327705,-1.66046138923483,0.527901259267084,-3.57401905291163,0.000351543332508254,0.0355806300505911
152,ENSG00000246777,12.0601250334446,-1.5562433786773,0.528083078512599,-3.74739459496712,0.000178680882243162,0.0249378511821027
153,ENSG00000249349,22.387876532317,-1.3558215788618,0.518486171339673,-4.07598221312363,4.58205214176334e-05,0.0138642380604462
154,ENSG00000249616,18.3111297054143,-1.43348562148156,0.526026577655286,-3.6272672702346,0.00028643675609773,0.0319268209597286
155,ENSG00000249786,12.2315334601291,-1.42382346556055,0.526804483847252,-3.39228127980123,0.000693132454028954,0.0487470107248994
156,ENSG00000251229,13.6075532226264,-1.26387310290066,0.516852520189084,-3.52912836157821,0.000416930847452032,0.038534905879
157,ENSG00000251249,15.8909460081642,-1.70739840060357,0.529772768632846,-3.9209588123763,8.81973382676582e-05,0.0172582591581303
158,ENSG00000251396,32.1718928983671,-1.82064944582928,0.520664695741461,-3.84001812673686,0.000123025226343605,0.0212411496189924
159,ENSG00000251600,8.93777350407962,-1.4062533462506,0.522061543451914,-3.74105905824197,0.000183246450418893,0.0249572147695376
160,ENSG00000253623,17.9480372508067,-1.39991799007078,0.526482835610659,-3.40834797334912,0.000653574920711005,0.047366699294821
161,ENSG00000254811,15.8007188886302,-1.82617863515016,0.529753136529898,-4.30818785083477,1.64597564590932e-05,0.00805202141669698
162,ENSG00000255303,31.2314025163478,-2.04948691381575,0.522753738256669,-4.45566419667498,8.36338558771003e-06,0.00669489016296188
163,ENSG00000257127,31.5618247044107,-1.67498526476267,0.529608123333544,-4.00761638641005,6.13346381508507e-05,0.0157250134175642
164,ENSG00000257159,8.72204334542995,-1.23820987176278,0.508304239787987,-4.23101569661964,2.32638435206867e-05,0.00940648751853177
165,ENSG00000258881,19.2893242171759,-1.5946638400485,0.528014884599001,-3.39123322718362,0.000695788635531435,0.0487470107248994
166,ENSG00000258891,17.9607316890644,-1.51840109068875,0.528017464835705,-3.68351597501567,0.00023003886020694,0.0294708286468496
167,ENSG00000259370,45.9773163225146,-1.68304367830395,0.529365163001178,-3.77731243176877,0.00015852981298069,0.0236599028508724
168,ENSG00000259439,54.5727808916275,-1.2413678242351,0.514793598797292,-3.80924831112389,0.000139389917185925,0.0223765364238443
169,ENSG00000259523,10.602218527789,-1.16980408497884,0.50498932101325,-4.09338936214632,4.25112967143398e-05,0.0136893183805702
170,ENSG00000259697,15.2956133089179,-1.60439522616325,0.528850378393191,-3.83383185616709,0.000126162397613302,0.0213639036958449
171,ENSG00000260163,16.1121577139434,-1.66028784748229,0.52694189711498,-4.43218601243402,9.3282487185288e-06,0.00693360243322064
172,ENSG00000260212,11.0105127675884,-1.27533958660945,0.515196264786529,-3.89176896711097,9.95159855057075e-05,0.0190497393558806
173,ENSG00000260249,4.0555029513611,-1.58535508678209,0.529567801343723,-3.50264668010275,0.00046066006940402,0.0397680611876187
174,ENSG00000260626,38.1559131828828,-1.57663791629858,0.529324654175211,-3.47725801549952,0.000506570083476781,0.0416878772902317
175,ENSG00000260742,25.450846668785,-2.05620623992325,0.525839874116122,-4.51351009739556,6.37634123506269e-06,0.00598435258117538
176,ENSG00000260918,10.7645555694453,-1.21698167416987,0.515098217116403,-3.44626298716835,0.000568396916685797,0.0433334982673315
177,ENSG00000261121,13.8928853624069,-1.49373565002349,0.527758020134779,-3.57922716275698,0.000344611821540748,0.0350806866425093
178,ENSG00000261205,21.6493966674722,-1.52355532352858,0.529485538835052,-3.49654877940202,0.000471318314516021,0.0400984871349838
179,ENSG00000261315,60.3246139032905,-1.25269255122214,0.513402726479264,-4.15479851785465,3.25574305227193e-05,0.0114673781787122
180,ENSG00000261821,17.085075883521,-1.28442494043944,0.516208547421005,-3.80841558402378,0.000139860075695259,0.0223765364238443
181,ENSG00000261822,11.7517116573887,-1.66759749113971,0.527732020664013,-4.26046020456994,2.04006405556401e-05,0.00896773146240498
182,ENSG00000261924,22.6188701194434,-1.80222148270892,0.529464755808476,-4.5678705163756,4.9270422870156e-06,0.0053799929121013
183,ENSG00000261997,53.4923872328803,-1.89788067243869,0.519521810808862,-4.0274215309591,5.63918785693156e-05,0.015047232931579
184,ENSG00000264352,6.18886222237518,-1.00789807393256,0.493934561055959,-3.421855910827,0.000621952644120873,0.0467412397947268
185,ENSG00000264964,18.8160403310497,-1.45264510886145,0.528490687957139,-3.38392615167491,0.000714572200469511,0.0489662685699166
186,ENSG00000265739,8.04845219610442,-1.13494748650243,0.505841667839122,-3.45464868006576,0.00055101031003996,0.0430930838219243
187,ENSG00000266200,6.63394883453223,-1.47243802137946,0.526936295107765,-3.40078030372382,0.000671938069787403,0.0482863759841802
188,ENSG00000266908,22.0501215532759,-1.54566616139601,0.523429675827298,-4.65970787478413,3.16658462138474e-06,0.00446941037847551
189,ENSG00000267559,41.1217082895202,-1.97448334912291,0.527801474848404,-4.50029475588437,6.78592989242116e-06,0.00598435258117538
190,ENSG00000267672,42.6760887781975,-1.70398352264589,0.529126668436363,-4.33741886843905,1.44165723043076e-05,0.00781223438707174
191,ENSG00000267779,19.2683079288575,-1.56771267755785,0.529377791304393,-3.69640782491107,0.000218671601299564,0.0287389967946763
192,ENSG00000269667,8.57675427825263,-1.51832636879156,0.527893245817977,-3.53817119173498,0.000402908744217454,0.038534905879
193,ENSG00000273382,18.656994922776,-1.64597758757145,0.497629628062192,-3.41390682174521,0.000640384728714166,0.047320278158332
194,ENSG00000273706,8.80659932007426,-1.14832943044806,0.504581919808138,-3.92098407272683,8.81880922642537e-05,0.0172582591581303
195,ENSG00000273769,11.5640021791568,-1.29059845685215,0.516101477179548,-3.95941572705498,7.51333504791859e-05,0.0166689583281276
196,ENSG00000274135,26.7598948151931,-1.62499722554296,0.474442961654537,-3.50515932060362,0.000456334114221107,0.0397680611876187
197,ENSG00000274516,29.5528317045831,-1.55254890752511,0.529729817303641,-3.44979017765265,0.000561022420606694,0.0431622423341157
198,ENSG00000274701,11.7099505202321,-1.78195890343858,0.520923179223174,-3.66239052966519,0.000249872542784306,0.0298158910399411
199,ENSG00000276778,24.5625305010869,-1.63761745575378,0.527532102906326,-3.52903288401434,0.000417081300369743,0.038534905879
200,ENSG00000278002,30.0998708276832,-1.55450481779652,0.529742457337839,-3.46168611984631,0.000536802808621106,0.0427766256227435
201,ENSG00000278920,45.8549775641245,-1.90467308158049,0.511798764007189,-3.99135773742475,6.5696093168936e-05,0.0160690818999741
202,ENSG00000279077,11.698434544407,-1.60446144921784,0.529713596424573,-3.6171363710312,0.00029788038129628,0.0327442039980279
203,ENSG00000279080,54.6781936585563,-1.69731157534749,0.526750853539423,-3.65484237071329,0.000257340039638354,0.0298158910399411
204,ENSG00000279085,19.1323534466819,-1.419865789566,0.521176221425551,-4.09207842906181,4.27523996894758e-05,0.0136893183805702
205,ENSG00000279110,19.5450644863461,-1.58885461632343,0.528139869610411,-3.38897429571882,0.000701545864625221,0.0488336925767382
206,ENSG00000279147,18.4817849500072,-1.77311926883402,0.528151498828423,-3.86379245898636,0.00011164008515066,0.0199388862085322
207,ENSG00000279159,24.8028370689879,-1.66663064651305,0.500241156198372,-3.47018632599166,0.000520097433262639,0.0423405217527978
208,ENSG00000279278,43.5537453550939,-1.38074710635822,0.520822382660583,-4.05023809904656,5.11655457836597e-05,0.0143028004253338
209,ENSG00000279762,52.7228528290688,-1.192730581564,0.509756968828426,-4.06066125820898,4.89339253502146e-05,0.0141274649072562
210,ENSG00000280244,57.4688796829028,-1.41460333999195,0.524673616430447,-3.74819938273958,0.000178108646096755,0.0249378511821027
211,ENSG00000280429,42.8596302025937,-2.16111785935576,0.521263011775259,-4.71156925379296,2.45816531693661e-06,0.00446941037847551
212,ENSG00000281344,130.211458145259,-1.78138898177636,0.457025540211149,-3.97433513196234,7.05761296830716e-05,0.0165628041056456
213,ENSG00000284601,16.1457563283193,-1.80867451670181,0.521246456767217,-3.76413826365221,0.000167124400451113,0.0245268984695379
214,ENSG00000284607,37.5304998382208,-1.63372818652062,0.527918469406617,-4.32637196966553,1.51585359961109e-05,0.00781223438707174
215,ENSG00000285219,31.1537235731755,-1.69213381288012,0.49782043376232,-3.52187529215576,0.000428505668743412,0.038534905879
216,ENSG00000286071,14.6991800716953,-1.25084058603529,0.511342002348758,-4.1146466970316,3.87772886391931e-05,0.0133903300044084
217,ENSG00000286249,14.0887217328148,-1.98885491392637,0.52973446136309,-4.91268367244528,8.98381568191106e-07,0.00316427955948271
218,ENSG00000286288,11.6385538093557,-1.43319741463485,0.525248044331832,-3.5650994106692,0.000363718301640179,0.0362998218338718
219,ENSG00000286662,9.31163931198364,-1.55634277322077,0.529757388087148,-3.37606137184428,0.000735315150272309,0.0498546589017145
220,ENSG00000286679,60.4623063173434,-1.69600230132797,0.485306049716604,-3.60947896691324,0.000306812648633324,0.0329468143602529
221,ENSG00000287067,16.0939392862976,-1.73693946980418,0.5297088047658,-3.92738551698254,8.58742742278784e-05,0.0172582591581303
222,ENSG00000287077,7.80157605102425,-1.4016546618028,0.523558167878027,-3.51462663485688,0.000440372653647278,0.0388392479133509
223,ENSG00000287087,18.0262400161632,-1.54175038491787,0.529771427845677,-3.42108778642298,0.000623711961374186,0.0467412397947268
224,ENSG00000287185,12.8406419015424,-1.13212518788281,0.503021709726843,-3.99366379226007,6.50600988613162e-05,0.0160690818999741
225,ENSG00000287271,14.9233402378215,-1.68361678610169,0.52783030177081,-3.59247782162765,0.000327548539478461,0.0346057826170245
226,ENSG00000287475,5.70698172160429,-1.26812649661407,0.514656810924806,-3.52164955516016,0.00042887068038635,0.038534905879
227,ENSG00000287896,5.95085791481086,-1.33753297156318,0.518600910709327,-3.65912180576637,0.00025308103544641,0.0298158910399411
228,ENSG00000287980,8.08955958873925,-1.2482234654409,0.508894565512635,-4.17888358581955,2.92943579453358e-05,0.0110928457490439
229,ENSG00000288033,7.34147037910351,-1.18247750979723,0.506656049666386,-3.8063432690003,0.000141036598889712,0.0223765364238443
230,ENSG00000288095,19.2521651072546,-1.81977705209763,0.529144333723988,-4.65346036316586,3.26410372156195e-06,0.00446941037847551
231,ENSG00000288598,74.7764766027164,-1.24905132979592,0.519279360092499,-3.41598582132494,0.000635515558848787,0.0472239008729367
